,Encoder,Größe,Beste Epoche,Loss,Val. loss,Dice,Val. Dice,IoU,Val. IoU,2.5D,Crop,Bereinigt,Batch Size,Epochen
6,efficientnetb2,256,35,0.0312431305646896,0.0848051235079765,0.9278354644775392,0.8148723840713501,0.9296793937683104,0.8392974138259888,True,True,True,16,50
1,efficientnetb2,256,30,0.0332862101495265,0.0871875807642936,0.9227846264839172,0.8085072040557861,0.9284024834632874,0.8396354913711548,True,False,True,16,50
7,efficientnetb2,256,34,0.0334114357829093,0.0932021364569664,0.922657310962677,0.797340989112854,0.9171501994132996,0.8319158554077148,True,False,False,16,50
3,efficientnetb2,256,32,0.0328620783984661,0.1040261313319206,0.924262285232544,0.7666404247283936,0.9111826419830322,0.8253583908081055,True,True,False,16,50
0,efficientnetb2,256,28,0.035612154752016,0.1115643605589866,0.9180260300636292,0.7481706738471985,0.911873459815979,0.8161880970001221,False,True,False,16,50
4,efficientnetb2,256,24,0.0360175967216491,0.1152565255761146,0.9168848991394044,0.736856997013092,0.9108895063400269,0.8205606341362,False,True,True,16,50
5,efficientnetb2,256,26,0.036440122872591,0.1198204085230827,0.9156110882759094,0.7307429313659668,0.8969164490699768,0.8163303136825562,False,False,False,16,50
2,efficientnetb2,256,13,0.0487271882593631,0.1249923482537269,0.8872361183166504,0.7162582278251648,0.8363432288169861,0.8141241669654846,False,False,True,16,50
