,Encoder,Größe,Beste Epoche,Loss,Val. loss,Dice,Val. Dice,2.5D,Crop,Bereinigt,Dickdarm,Val. Dickdarm,Dünndarm,Val. Dünndarm,Magen,Val. Magen
4,efficientnetb2,256,36,0.0325841531157493,0.0918757542967796,0.9244265556335448,0.7982577681541443,True,False,True,0.9281784296035768,0.8271014094352722,0.9042218923568726,0.7709165215492249,0.9384599924087524,0.8411903381347656
6,efficientnetb2,256,29,0.0340289883315563,0.0950008109211921,0.9214321374893188,0.790442943572998,False,True,True,0.9261240363121032,0.8292047381401062,0.8995210528373718,0.7760280966758728,0.9352006912231444,0.8505432605743408
3,efficientnetb2,256,31,0.0335671976208686,0.0953980609774589,0.9226096868515016,0.7872799634933472,True,True,True,0.9265609383583068,0.8365022540092468,0.9018681645393372,0.7723867297172546,0.9377389550209044,0.8527147769927979
5,efficientnetb2,256,42,0.0315384604036808,0.0985429063439369,0.9273571372032166,0.7849540114402771,False,True,False,0.9322065114974976,0.8090655207633972,0.9088388085365297,0.7708985805511475,0.9380064010620116,0.8391355872154236
0,efficientnetb2,256,32,0.0327440500259399,0.1036906912922859,0.9241021871566772,0.7691134810447693,True,False,False,0.9282574653625488,0.8140426278114319,0.9037705063819884,0.775286078453064,0.9379585385322572,0.8160994648933411
2,efficientnetb2,256,26,0.0353363491594791,0.1071128696203231,0.9180847406387328,0.7586870789527893,False,False,True,0.9210829138755798,0.8106282353401184,0.8956518769264221,0.742344319820404,0.9324579834938048,0.8242468237876892
1,efficientnetb2,256,34,0.0322078317403793,0.1096237748861312,0.9257284998893738,0.7530021071434021,True,True,False,0.9303719997406006,0.8055557608604431,0.9056955575942992,0.7537010908126831,0.937364101409912,0.7904312014579773
